Upper Beam,Lower Beam,Lower arm length,Lower arm angle,Upper arm length,Upper arm angle,Ride,Frame_h_from_Ground,y1,y2,WheelTravel,alpha @ theta_0,alpha @ theta_1,alpha @ theta_2,alpha @ theta_3,alpha @ theta_4,alpha @ theta_5,alpha @ theta_6,alpha @ theta_7,alpha @ theta_8,alpha @ theta_9,alpha @ theta_10,alpha @ theta_11,alpha @ theta_12,alpha @ theta_13,alpha @ theta_14,alpha @ theta_15,camber @ theta_0,camber @ theta_1,camber @ theta_2,camber @ theta_3,camber @ theta_4,camber @ theta_5,camber @ theta_6,camber @ theta_7,camber @ theta_8,camber @ theta_9,camber @ theta_10,camber @ theta_11,camber @ theta_12,camber @ theta_13,camber @ theta_14,camber @ theta_15,test_val @ theta_0,test_val @ theta_1,test_val @ theta_2,test_val @ theta_3,test_val @ theta_4,test_val @ theta_5,test_val @ theta_6,test_val @ theta_7,test_val @ theta_8,test_val @ theta_9,test_val @ theta_10,test_val @ theta_11,test_val @ theta_12,test_val @ theta_13,test_val @ theta_14,test_val @ theta_15
40,44,57.60867990155649,0.9946184736405826,55.4668005730644,5.171892112783586,20,52,19,57,14.65452474924762,-0.5476092060764155,0.4779693792644377,1.5050386664564,2.533607669143364,3.56368718959392,4.595289837136829,5.628430051267164,6.663124129521389,7.699390260238314,8.737248560344126,9.776721118321085,10.8178320425423,11.86060751517879,12.90507585191025,13.95126756769741,14.99921544890322,-9.564130906198741,-9.713361346657024,-9.863124164421563,-10.01349263625737,-10.16454067804125,-10.31634297758082,-10.46897512967169,-10.62251377385095,-10.777036735321,-10.93262316953478,-11.08935371095448,-11.24731062651657,-11.40657797436401,-11.56724176843269,-11.72939014951211,-11.89311356343663,103,102.1731975199963,101.3451250711859,100.5160066255026,99.68607179408961,98.85555600680101,98.02470069659728,97.19375348867636,96.36296839413474,95.53260600789619,94.70293371058375,93.87422587394035,93.04676406932451,92.22083727872052,91.39674210760478,90.57478299890268
