Upper Beam,Lower Beam,Lower arm length,Lower arm angle,Upper arm length,Upper arm angle,Ride,Frame_h_from_Ground,y1,y2,WheelTravel,alpha @ theta_0,alpha @ theta_1,alpha @ theta_2,alpha @ theta_3,alpha @ theta_4,alpha @ theta_5,alpha @ theta_6,alpha @ theta_7,alpha @ theta_8,alpha @ theta_9,alpha @ theta_10,alpha @ theta_11,alpha @ theta_12,alpha @ theta_13,alpha @ theta_14,alpha @ theta_15,camber @ theta_0,camber @ theta_1,camber @ theta_2,camber @ theta_3,camber @ theta_4,camber @ theta_5,camber @ theta_6,camber @ theta_7,camber @ theta_8,camber @ theta_9,camber @ theta_10,camber @ theta_11,camber @ theta_12,camber @ theta_13,camber @ theta_14,camber @ theta_15,test_val @ theta_0,test_val @ theta_1,test_val @ theta_2,test_val @ theta_3,test_val @ theta_4,test_val @ theta_5,test_val @ theta_6,test_val @ theta_7,test_val @ theta_8,test_val @ theta_9,test_val @ theta_10,test_val @ theta_11,test_val @ theta_12,test_val @ theta_13,test_val @ theta_14,test_val @ theta_15
31,30,59.00847396772772,0.9710219310791666,58.54912467321779,7.853313301978219,20,62,19,70,15.24257744276399,0,1.018394783875593,2.039112310395651,3.062178601948502,4.087622579343916,5.115476155024496,6.145774335180345,7.178555331330999,8.213860681992648,9.251735385107093,10.2922280419721,11.33539101348437,12.38128058958235,13.42995717286161,14.48148547742808,15.53593474415695,0,-0.1795442794257696,-0.359886478263121,-0.5411173002693772,-0.7233293334634538,-0.9066172323122856,-1.091077908693478,-1.276810732442399,-1.463917742359641,-1.652503868624294,-1.842677167638769,-2.034549070417881,-2.228234645729302,-2.423852879299929,-2.621526970516797,-2.821384648181336,103,102.1488401191793,101.2963825532492,100.4428572374275,99.58850005512785,98.73355303677414,97.87826456457699,97.0228895831505,96.1676898157947,95.31293398620944,94.45889804533837,93.6058654029641,92.75412716359089,91.90398236605327,91.05573822618133,90.20971038173261
