Upper Beam,Lower Beam,Lower arm length,Lower arm angle,Upper arm length,Upper arm angle,Ride,Frame_h_from_Ground,y1,y2,WheelTravel,alpha @ theta_0,alpha @ theta_1,alpha @ theta_2,alpha @ theta_3,alpha @ theta_4,alpha @ theta_5,alpha @ theta_6,alpha @ theta_7,alpha @ theta_8,alpha @ theta_9,alpha @ theta_10,camber @ theta_0,camber @ theta_1,camber @ theta_2,camber @ theta_3,camber @ theta_4,camber @ theta_5,camber @ theta_6,camber @ theta_7,camber @ theta_8,camber @ theta_9,camber @ theta_10,test_val @ theta_0,test_val @ theta_1,test_val @ theta_2,test_val @ theta_3,test_val @ theta_4,test_val @ theta_5,test_val @ theta_6,test_val @ theta_7,test_val @ theta_8,test_val @ theta_9,test_val @ theta_10
28,33,68.64553882081486,2.087114971053753,67.15904891545478,6.411892338485681,23,54,20.5,61.5,11.63755586609631,-0.4872167719990304,0.5168774169148802,1.522878232274293,2.530784756169781,3.540597878820009,4.552320308316,5.56595658346738,6.58151308984259,7.598998079100049,8.618421691715145,9.639795983213807,-9.546381225499943,-9.78016668087146,-10.0139416567819,-10.24780345712814,-10.48184962252944,-10.71617806019646,-10.95088717585801,-11.18607600801322,-11.42184436479178,-11.65829296372141,-11.8955235747168,90,89.17528440049306,88.34889835156163,87.52104983023754,86.69195272636414,85.86182708266769,85.03089934530369,84.19940262512048,83.36757696984915,82.53566964738893,81.70393544030541
