h,s,t,zr,r/2,cx,cz,thetaWheel_1,thetaWheel_2,thetaWheel_3,thetaWheel_4,thetaWheel_5,thetaWheel_6,thetaWheel_7,thetaWheel_8,thetaWheel_9,thetaWheel_10,thetaWheel_11,thetaWheel_12,thetaWheel_13,thetaWheel_14,thetaWheel_15,thetaWheel_16,thetaWheel_17,thetaWheel_18,thetaWheel_19,thetaWheel_20,thetaWheel_21,thetaWheel_22,thetaWheel_23,thetaWheel_24,thetaWheel_25,thetaWheel_26,thetaWheel_27,thetaWheel_28,thetaWheel_29,thetaWheel_30
30,35,150,40,35,-50,-55,-0.470034,-5.62142,-10.2066,-9.98681,-9.76452,-9.5398,-9.31267,-9.08318,-8.85138,-8.61733,-8.38107,-8.14266,-7.90218,-7.65968,-7.41523,-7.16891,-6.92079,-6.67096,-6.4195,-6.1665,-5.91206,-5.65627,-5.39924,-5.14107,-4.88188,-4.62177,-4.36088,-4.09932,-3.83722,-3.57472
30,25,130,30,45,-50,-47.5,-0.176332,-2.85367,-6.2883,-11.8987,-16.8482,-16.5943,-16.3369,-16.076,-15.8116,-15.5437,-15.2724,-14.9976,-14.7196,-14.4382,-14.1535,-13.8657,-13.5748,-13.2808,-12.9839,-12.684,-12.3814,-12.0761,-11.7682,-11.4578,-11.1451,-10.8301,-10.513,-10.194,-9.87319,-9.55072
30,30,150,40,35,-50,-55,-0.470034,-5.62142,-10.2066,-9.98681,-9.76452,-9.5398,-9.31267,-9.08318,-8.85138,-8.61733,-8.38107,-8.14266,-7.90218,-7.65968,-7.41523,-7.16891,-6.92079,-6.67096,-6.4195,-6.1665,-5.91206,-5.65627,-5.39924,-5.14107,-4.88188,-4.62177,-4.36088,-4.09932,-3.83722,-3.57472
30,20,130,30,45,-50,-47.5,-0.176332,-2.85367,-6.2883,-11.8987,-16.8482,-16.5943,-16.3369,-16.076,-15.8116,-15.5437,-15.2724,-14.9976,-14.7196,-14.4382,-14.1535,-13.8657,-13.5748,-13.2808,-12.9839,-12.684,-12.3814,-12.0761,-11.7682,-11.4578,-11.1451,-10.8301,-10.513,-10.194,-9.87319,-9.55072
30,25,150,40,35,-50,-55,-0.470034,-5.62142,-10.2066,-9.98681,-9.76452,-9.5398,-9.31267,-9.08318,-8.85138,-8.61733,-8.38107,-8.14266,-7.90218,-7.65968,-7.41523,-7.16891,-6.92079,-6.67096,-6.4195,-6.1665,-5.91206,-5.65627,-5.39924,-5.14107,-4.88188,-4.62177,-4.36088,-4.09932,-3.83722,-3.57472
