h,s,t,zr,r/2,cx,cz,thetaWheel_1,thetaWheel_2,thetaWheel_3,thetaWheel_4,thetaWheel_5,thetaWheel_6,thetaWheel_7,thetaWheel_8,thetaWheel_9,thetaWheel_10,thetaWheel_11,thetaWheel_12,thetaWheel_13,thetaWheel_14,thetaWheel_15,thetaWheel_16,thetaWheel_17,thetaWheel_18,thetaWheel_19,thetaWheel_20,thetaWheel_21,thetaWheel_22,thetaWheel_23,thetaWheel_24,thetaWheel_25,thetaWheel_26,thetaWheel_27,thetaWheel_28,thetaWheel_29,thetaWheel_30,thetaWheel_31,thetaWheel_32,thetaWheel_33,thetaWheel_34,thetaWheel_35,thetaWheel_36,thetaWheel_37,thetaWheel_38,thetaWheel_39,thetaWheel_40,thetaWheel_41,thetaWheel_42,thetaWheel_43,thetaWheel_44,thetaWheel_45,thetaWheel_46,thetaWheel_47,thetaWheel_48,thetaWheel_49,thetaWheel_50
10,50,180,10,40,-20,-110,-1.44542,-1.42334,-1.40098,-1.37833,-1.35541,-1.3322,-1.30873,-1.28499,-1.26099,-1.23673,-1.21222,-1.18746,-1.16246,-1.13722,-1.11174,-1.08604,-1.06012,-1.03398,-1.00763,-0.981073,-0.954322,-0.927379,-0.900252,-0.872947,-0.845472,-0.817833,-0.790038,-0.762094,-0.73401,-0.705793,-0.677451,-0.648993,-0.620428,-0.591763,-0.563008,-0.534172,-0.505265,-0.476295,-0.447273,-0.418208,-0.389111,-0.359991,-0.330859,-0.301726,-0.272603,-0.243499,-0.214428,-0.185399,-0.156424,-0.127516
10,40,180,10,40,-20,-110,-1.44542,-1.42334,-1.40098,-1.37833,-1.35541,-1.3322,-1.30873,-1.28499,-1.26099,-1.23673,-1.21222,-1.18746,-1.16246,-1.13722,-1.11174,-1.08604,-1.06012,-1.03398,-1.00763,-0.981073,-0.954322,-0.927379,-0.900252,-0.872947,-0.845472,-0.817833,-0.790038,-0.762094,-0.73401,-0.705793,-0.677451,-0.648993,-0.620428,-0.591763,-0.563008,-0.534172,-0.505265,-0.476295,-0.447273,-0.418208,-0.389111,-0.359991,-0.330859,-0.301726,-0.272603,-0.243499,-0.214428,-0.185399,-0.156424,-0.127516
