h,s,t,zr,r/2,cx,cz,thetaWheel_1,thetaWheel_2,thetaWheel_3,thetaWheel_4,thetaWheel_5,thetaWheel_6,thetaWheel_7,thetaWheel_8,thetaWheel_9,thetaWheel_10,thetaWheel_11,thetaWheel_12,thetaWheel_13,thetaWheel_14,thetaWheel_15,thetaWheel_16,thetaWheel_17,thetaWheel_18,thetaWheel_19,thetaWheel_20,thetaWheel_21,thetaWheel_22,thetaWheel_23,thetaWheel_24,thetaWheel_25
19,11,100,20,50,-50,-21,-0.959007,-1.66316,-2.38514,-3.12593,-3.88661,-4.66839,-5.47264,-6.30089,-7.15487,-8.03658,-8.94829,-9.89266,-10.8728,-11.8923,-12.9556,-14.0679,-15.2357,-16.4672,-17.7727,-19.1658,-20.6651,-22.2967,-24.1,-26.1386,-28.5297
20,10,100,20,50,-51,-20,-0.925258,-1.63115,-2.35472,-3.09693,-3.85884,-4.64161,-5.44657,-6.27521,-7.1292,-8.01045,-8.92116,-9.86384,-10.8414,-11.8574,-12.9159,-14.0217,-15.181,-16.4011,-17.6916,-19.0646,-20.5365,-22.1298,-23.8776,-25.8311,-28.0785
20,12,102,20,50,-52,-22,-0.615411,-1.33232,-2.068,-2.82351,-3.60006,-4.39897,-5.22174,-6.07008,-6.94593,-7.8515,-8.78935,-9.76247,-10.7744,-11.8292,-12.9321,-14.089,-15.3077,-16.5978,-17.9719,-19.4467,-21.0456,-22.803,-24.7726,-27.0482,-29.8232
21,11,102,20,50,-53,-21,-0.568033,-1.28574,-2.02202,-2.77793,-3.55462,-4.3534,-5.1757,-6.02319,-6.89771,-7.8014,-8.73671,-9.70649,-10.7141,-11.7633,-12.8591,-14.0069,-15.214,-16.489,-17.8434,-19.292,-20.8553,-22.5623,-24.4574,-26.6132,-29.1671
19,10,100,20,50,-50,-21,-0.959007,-1.66316,-2.38514,-3.12593,-3.88661,-4.66839,-5.47264,-6.30089,-7.15487,-8.03658,-8.94829,-9.89266,-10.8728,-11.8923,-12.9556,-14.0679,-15.2357,-16.4672,-17.7727,-19.1658,-20.6651,-22.2967,-24.1,-26.1386,-28.5297
20,11,102,20,50,-52,-22,-0.615411,-1.33232,-2.068,-2.82351,-3.60006,-4.39897,-5.22174,-6.07008,-6.94593,-7.8515,-8.78935,-9.76247,-10.7744,-11.8292,-12.9321,-14.089,-15.3077,-16.5978,-17.9719,-19.4467,-21.0456,-22.803,-24.7726,-27.0482,-29.8232
21,10,102,20,50,-53,-21,-0.568033,-1.28574,-2.02202,-2.77793,-3.55462,-4.3534,-5.1757,-6.02319,-6.89771,-7.8014,-8.73671,-9.70649,-10.7141,-11.7633,-12.8591,-14.0069,-15.214,-16.489,-17.8434,-19.292,-20.8553,-22.5623,-24.4574,-26.6132,-29.1671
20,10,102,20,50,-52,-22,-0.615411,-1.33232,-2.068,-2.82351,-3.60006,-4.39897,-5.22174,-6.07008,-6.94593,-7.8515,-8.78935,-9.76247,-10.7744,-11.8292,-12.9321,-14.089,-15.3077,-16.5978,-17.9719,-19.4467,-21.0456,-22.803,-24.7726,-27.0482,-29.8232
